﻿<?xml version="1.0" encoding="utf-8"?><meta xmlns:xsi="http://www.w3.org/2001/XMLSchema-instance" xmlns:xsd="http://www.w3.org/2001/XMLSchema"><project id="649IugH1Z4c" courseid="6g0bvYN6SX1_course_id" thumburl="story_content/thumbnail.jpg" title="Soal Bagian Tubuh Tumbuhan IPAS Kelas 4" datepublished="2023-09-17T03:13:14" version="1.0.0.0" flashdata="story_content/data.swf" html5data="mobile/data.json" mobiledata="mobile/data.gz" enabledownload="false" duration="About 14 minutes" totalaudio="645755" totalvideo="6013"><description>Latihan Soal IPAS Bagian Tubuh Tumbuhan</description><keywords /><slidemeta moniker="slide" monikerplural="slides" viewslides="14" slidecountdescription="14 slides" /><author name="ASUS" email="" website="" /><application name="Articulate Storyline" version="3.17.27621.0" xmlversion="4.0" /></project></meta>